feature,importance
relapse,0.823911618423596
Age,0.07815847623952503
tumor_size,0.06676144845114408
obesity,0.018272338782134467
inflammatory_bowel_disease,0.007108981770559119
Family history,0.005787136333041294
cancer_stage,0.0
