{
    "tabular": {
        "accuracy": 1.0,
        "precision": 1.0,
        "recall": 1.0,
        "f1": 1.0,
        "roc_auc": 1.0
    },
    "hybrid": {
        "accuracy": 0.8660714285714286,
        "precision": 0.9156626506024096,
        "recall": 0.9047619047619048,
        "f1": 0.9101796407185628,
        "roc_auc": 0.9370748299319729
    }
}