{
    "tabular": {
        "accuracy": 1.0,
        "precision": 1.0,
        "recall": 1.0,
        "f1": 1.0,
        "roc_auc": 1.0
    },
    "hybrid": {
        "accuracy": 0.875,
        "precision": 0.926829268292683,
        "recall": 0.9047619047619048,
        "f1": 0.9156626506024096,
        "roc_auc": 0.9383503401360545
    }
}